3-Ingredient Mussels With White Wine and Pesto , 1.0
Adobo-Rubbed Pork Tenderloin with Black Bean Pico de Gallo , 1.0
Asian Chicken Salad , 1.0
Baked Cherry Tomatoes with Parmesan Topping , 1.0
Basmati Rice Salad with Currants and Nuts , 1.0
Black Bean Tacos with Corn Salsa , 1.0
Caramelized Garlic, Spinach, and Cheddar Tart , 1.0
Castellane Pasta with Sausage, Peppers, Cherry Tomaotes, and Marjoram , 1.0
Chicken Under a Brick with Fresh Herb and Garlic Sauce , 1.0
Chiles Rellenos , 1.0
Citrus-Brined Pork Loin with Peach Mustard , 1.0
Cobb Salad with Balsamic Shallot Vinaigrette , 1.0
Cornmeal Cake with Buttermilk Ice Cream and Rhubarb Compote , 1.0
Cucumber, Jícama, and Pickled Ginger Salad , 1.0
Duck Salad with Cheese Toasts and Port-Currant Sauce , 1.0
Dutchess County Broccoli and Cheese Casserole , 1.0
Greek-Style Braised Lamb Shanks , 1.0
Herb Chicken with Panko-Pecan Crust , 1.0
Javanese Chicken Curry , 1.0
Lamb Chops with Feta and Banyuls-Cherry Sauce , 1.0
Linguine with Shellfish Sauce , 1.0
Margherita Pizza with Arugula , 1.0
Moroccan Lamb Tagine with Dates and Pearl Onions , 1.0
Mushroom Barley Soup , 1.0
Olive Oil Couscous Cake with Crème Fraîche and Date Syrup , 1.0
Pan Fried Celery Root, Potato, and Goat Cheese Terrine , 1.0
Peach Crisp , 1.0
Pink Grapefruit, Fennel, and Parmesan Salad , 1.0
Potato and Blue Cheese Gratin , 1.0
Provencal Vegetable and Goat Cheese Terrine , 1.0
Roasted Beef Tenderloin with Sherry Vinaigrette and Watercress , 1.0
Roasted Beet Salad , 1.0
Roasted Eggplant and Olive Spread with Pita Bread Chips , 1.0
Roast Lamb with Spiced Red Cabbage , 1.0
Roast Pork with Port Jus and Chipotle-Glazed Apples , 1.0
Sautéed Greens with Labneh and Pine Nuts , 1.0
Sicilian Fennel and Orange Salad with Red Onion and Mint , 1.0
Slow-Cooker Marrakech Chicken Stew With Preserved Lemon and Olives , 1.0
Spiced Beef and Onion Pitas with Parsley Sauce , 1.0
Spiced Black Lentils with Yogurt and Mint , 1.0
Spinach- and Cheese- Stuffed Pasta Shells , 1.0
Squash Rings with Honey-Soy Glaze , 1.0
Standing Rib Roast with Porcini and Bacon Sauce , 1.0
Sticky Date and Almond Bread Pudding with Amaretto Zabaglione , 1.0
Strawberry Buckle with Lemon-Pistachio Streusel , 1.0
Sweet Potatoes with Cuban-Style Beef Picadillo , 1.0
Watercress and Apple Salad with Peanut Yogurt Dressing , 1.0
White Bean Soup with Chive Oil , 1.0
White Root Vegetable Soup with Thyme Butter , 1.0
Wild Mushroom Enchiladas with Ancho Chili-Cream Sauce , 1.0
Sweet-and-Sour Stuffed Mustard Cabbage , 0.0
Beef Steaks with Peppercorn Sauce , 0.0
Sesame-Pepper Bean Sprouts , 0.0
Maple-Glazed Sour Cream Doughnuts with Sugared-Walnut Streusel , 0.0
Sweet, Tart, and Spicy Shrimp and Cucumber Salad , 0.0
Marinated Halibut on Radish Sprout and Fennel Salad , 0.0
Jenga Ribs , 0.0
Three-Bean Salad , 0.0
Rotelle with Broccoli and Spicy Peanut Sauce , 0.0
Fritto Misto , 0.0
Egg Fried Rice , 0.0
Chicken Fricassée with Figs and Port Sauce , 0.0
Chicken, Broccoli and Fusilli in Garlic Cream Sauce , 0.0
Sorrel Vichyssoise , 0.0
Pepperoni Focaccia , 0.0
Candied Butternut Squash , 0.0
Parsley, Kale, and Berry Smoothie , 0.0
Milk Chocolate Semifreddo with Star Anise Carrot Cake , 0.0
Curried Bean and Bell Pepper Soup , 0.0
Risotto with Chicken and Beet Greens Stalker , 0.0
Roast Salmon and Broccoli with Chile-Caper Vinaigrette , 0.0
Smoked Scotch Eggs , 0.0
Garlic-and-Chili-Rubbed Steaks , 0.0
Minted Eggplant Rounds, 0.0
Crudités Salad with Farro and Pecans , 0.0
Sautéed Pork Tenderloin with Prunes , 0.0
Quick Sweet Potato, Mushroom, and Black Bean Burrito , 0.0
Creamed Corn with Bacon , 0.0
Radicchio Risotto , 0.0
Herbed Oyster Stuffing , 0.0
Blackened Leeks With Asparagus and Boiled Eggs , 0.0
Curried Fish Fillets with Yogurt Sauce , 0.0
Jam Roly-Poly , 0.0
Olives Baked in Red Wine , 0.0
Mustard and Cheese Crackers , 0.0
Artichoke and Fennel Salad , 0.0
Wilted Greens , 0.0
Coriander Noodles with Zucchini and Carrots , 0.0
Zucchini Potato Tortilla , 0.0
Pistachio Sea Bass with Crab Salad , 0.0
Warm Skate Salad , 0.0
Cucumber Nori Rolls , 0.0
White Chocolate Mousse with Blackberries , 0.0
Seeded Tortilla Triangles , 0.0
Roast Chicken with Artichokes and Gremolata Butter , 0.0
Tuscan Oven Grains and Greens , 0.0
Potato Salad , 0.0
Grilled Mozzarella Cheeseburgers with Dried Tomato and Arugula Pesto , 0.0
Chicken Long Rice , 0.0
Fragrant Indian Brittle , 0.0
