Beer-Marinated Steaks with Peppercorn Sauce,1
Orange Whole-Wheat French Toast,1
Chicken and Root Vegetable Stew,1
Saigon Beef,1
Chili-Braised Boneless Short Ribs,1
"Asian Noodle Salad with Eggplant, Sugar Snap Peas, and Lime Dressing",1
Mushroom Risotto,1
Sauteed Vegetables with Chile-Tamarind Sauce,1
Passion Fruit and Guava Pops,1
Spiced Coffee Mousse,1
"Artichoke Hearts with Garlic, Olive Oil and Parsley",1
"Southern Rice Pilaf Stuffing with Ham, Pecans and Greens",1
"Peach, Plum and Blackberry Cobbler",1
Lemon Pine Nut Tagliatelle,1
Crystallized-Ginger Spice Bars,1
Roast Chicken with Dried Fruit and Almonds,1
Penne Without the Vodka,1
Gnocchi with Creamy Tomato-Porcini Sauce,1
Ginger and Pink Grapefruit Cheesecake,1
Avocado Ice,1
Moo-Shu Pork,1
"Orecchiette with Corn, Basil, and Pine Nuts",1
"Coconut, Beet, and Ginger Soup",1
Carrot Cake,1
Grilled Mahi-Mahi with Tomatillo-Avocado Salsa and Pineapple,1
"Oven-Baked Pizza with Caramelized Onions, Gorgonzola, and Walnuts",1
Rum-Raisin Apple Cake,1
Banana Peanut Semifreddo,1
Seared Tuna on Fettuccine with Green Olives and Arugula,1
"Stilton, Bacon, and Scallion Puffs",1
"Banana, Coffee, Cashew, and Cocoa Smoothie",1
To Render Beef Suet,1
Braised Short Ribs with Red Wine Gravy,1
Fresh Strawberry Sorbet,1
Broiled Lamb Chops with Lemon Caper Sauce,1
Crisp Potato Pancakes with Goat Cheese on Mixed Greens,1
Pear Cranberry Cake,1
Rhubarb-Mascarpone Mousse Cake,1
Milk Braised Pork Shoulder with Semolina Gnocchi,1
Blackened Steak Salad,1
Skordalia (Garlic Dip),1
Red Leaf Caesar Salad with Grilled Parmesan Croutons,1
Roast Turkey with Herb Butter and Caramelized Onion-Balsamic Gravy,1
Provençal Chicken Stew,1
Roasted Vegetables with Balsamic-Lemon Vinaigrette,1
Grilled Chicken and Pork with Orange-Cumin Glaze,1
Spinach and Garlic Dip with Pita Triangles and Vegetables,1
Maple-Barbecued Chicken,1
Sicilian Grill-Roasted Chicken,1
White Four-Cheese Pizza with Basil and Garlic,1
Garden Vegetable Latkes,0
Wildflower-Honey Semifreddo with Honey Sesame Wafers,0
Tangerine and Vanilla-Bean Marmalade,0
Fennel Cucumber Relish,0
Chestnut Cheesecake,0
Soba Salad with Miso Dressing,0
"Orange, Fennel and Garlic Marinated Olives",0
Herbed Yellow Pepper Scrambled Eggs with Chive Sour Cream on Brioche,0
Golden Turkey Stock,0
Duck-Confit Rillettes,0
Clam and Oyster Chowder,0
Miso Glazed Sea Bass,0
Frisée Salad with Lardons and Poached Eggs,0
Spiced Onion Marmalade,0
Sausage Stuffing,0
Curried Cauliflower Apple Soup,0
Duck Egg Cake with Rosemary,0
Fish Stock,0
Hot Pepper and Garlic Shrimp,0
Swiss Chard with Roasted Pepper,0
Spiced Peach Pie with Buttermilk Crust,0
Lemongrass Consommé,0
Slightly Sweet Dill Refrigerator Pickles,0
Cool Jade Soup,0
Australian Pavlovas with Ginger and Tropical Fruits,0
Indian Clarified Butter (Ghee),0
Green Harissa,0
Szechuan Salt-Pepper,0
Zested Carrot Zucchini Julienne,0
Cranberry Granita with Orange Whipped Cream,0
Maple Cream Cheese Pastries,0
Braised Lamb in Pomegranate Sauce,0
Red Bell Pepper and Eggplant Tian with Anchovies,0
Sukiyaki with Red Snapper,0
Parmesan Polenta Squares,0
Burnt Orange Panna Cotta,0
Corned Beef Hash with Fried Eggs,0
Red Chile Sauce (Chile Colorado),0
Basil Garlic Mayonnaise,0
Wok-Fried Rice Noodles with Chicken and Squid,0
Pineapple-Mint Relish,0
Coconut Relish,0
Shanghai Soup Dumplings,0
Celeriac Mash,0
Chive Tartines with Smoked Salmon,0
Radicchio Salad with Pickled Grapes and Goat Cheese,0
Rustic Plum Tart,0
Grilled Fish Fillets with Lentil Salsa,0
Quick Paella,0
Chocolate Chestnut Torte with Chocolate Cognac Mousse,0
BBQ Eggplant Sandwiches with Provolone and Mushrooms,1
"Brown Rice, Corn and Grilled Vegetable Salad",1
Horseradish-Crusted Beef Tenderloin,1
Caramelized-Onion and Parmesan Cream Scones,1
Herbed Roast Leg of Lamb,1
Goat Cheese with Grilled Eggplant and Roasted Peppers on Olive Bread,1
Pork Wrapped in Sage and Prosciutto,1
Herb Salad with Pickled Red Onion and Preserved Lemon,1
Blueberry-White Chocolate Mousse Tart,1
Blood Orange–Chia Pudding,1
Papaya Lime Fool,0
"Butter Lettuce with Apples, Walnuts, and Pomegranate Seeds",0
Apricot and Walnut Varenikis,0
Butterscotch Sauce,0
Corn Bread Panzanella,0
Sticky Date and Almond Bread Pudding with Amaretto Zabaglione,0
Potee Lorraine,0
Sausage Links with Apricot-Mustard Glaze,0
Hazelnut Crackers,0
Coconut Date Nut Balls,0
Asparagus Soup with Lemon Crème Fraîche,1
Peach-Blueberry Ice Cream Pie,1
Grilled Mozzarella Cheeseburgers with Dried Tomato and Arugula Pesto,1
Lentils with Port-Glazed Shallots,1
Salmon Spring Rolls with Coriander Dipping Sauce,1
Aromatic Baby Back Ribs,1
"Broiled Chicken, Romaine, and Tomato Bruschetta",1
"Asparagus, Ham, and Cheese Melts",1
Rib-Eye Steaks with Roasted Red Peppers and Balsamic Vinegar,1
"Zucchini, Bacon, and Gruyère Quiche",1
Coffee Doughnuts With Coffee Glaze,1
Wild Mushroom Sauté,1
Thai-Style Broiled Chicken Wings with Hot-and-Sour Sauce,1
Beef Pot Stickers,1
Penne with Broiled Vegetables and Feta Cheese,1
"Artichoke, Sausage, and Parmesan Cheese Stuffing",1
Cheddar Chicken Tenders with Wilted Spinach,1
Rustic Bread Stuffing with Bell Pepper and Fresh Thyme,1
Grilled Monterey Jack and Corn Quesadillas,1
"Heirloom Tomatoes with Bacon, Blue Cheese, and Basil",1
Dilled Salmon Tartare on Whole Grain Bread,1
Raspberry Frozen Yogurt Cake with Raspberry Amaretto Sauce,1
Minestrone with Garlic and Parmesan Croutons,1
Grilled Pork Chops with Pineapple Salsa,1
White Bean and Ham Hock Soup with Arugula and Corn Bread Croutons,1
Bolognese Sauce,1
Sour-Cherry Streusel Pie,1
Braised Chicken with Celery Root and Garlic,1
Spicy Sweet Corn and Poblano Soup,1
Easy Garlic and Onion Bread Wedges,1
Tropical Fruit Kebabs with Lime Cream,1
Braised Kale with Bacon and Onions,1
Green Bean and Red Onion Salad with Radish Dressing,1
Chicken Vesuvio,1
Baked Mustard-Crusted Salmon With Asparagus and Tarragon,1
Feta-Yogurt Sauce,1
Garlic and Rosemary Focaccia,1
Cranberry-Apple Crumble Pie,1
Peruvian-Style Roast Chicken With Tangy Green Sauce,1
"Udon Noodles with Chicken, Shellfish, and Vegetables",1
Duck with Olives,0
Green Bean Niçoise Salad,0
"Turkey, Mushroom, and Barley Risotto",0
Chioggia Beet Borani with Feta and Toasted Sesame Seeds,0
Fruitcake with Ginger Cream Cheese,0
Pumpkin Cider Bread,0
Rice Pudding with Dried Cherries and Vanilla,0
Dark Chocolate and Pine Nut Crostata,0
Peanut Butter Pie,0
Meatless Tamale Pie,0
Lamb and Polenta Lasagne,0
Molasses Jumbos with Ginger Filling,0
Pan-Seared Sea Scallops on Red Onion Marmalade,0
"Buckwheat Pancakes with Sausage, Scallions and Fried Eggs",0
Scallop Gratins with Garlic-Lemon Butter,0
Cremini Meringue Mushrooms,0
Apple Noodle Kugel,0
Buttered Beets with Spring Herbs,0
Mushroom Salad with Endive and Roquefort Cheese,0
"Shrimp, Lobster, and Jicama Salad",0
Chorizo and Potato Egg Custard with New Mexican Chile Sauce,0
Cream Cheese-Orange Frosting,0
Apple Pie with Whisky-Soaked Cherries,0
Seethed Mussels with Parsley and Vinegar,0
"Ginger, Coconut and Papaya Tart",0
Crimson Coleslaw,0
Peanut Butter Cream Tart,0
Blackberry-Tarragon Paletas,0
Cabbage and Apple Slaw with Butter-Toasted Pecans,0
Spiced Carrot and Zucchini Quinoa,0
Banana Split with Curried Chocolate-Coconut Sauce,0
Brown Sugar-Cinnamon Baked Pears and Prunes,0
Rosemary Mint Wine Jelly,0
Frozen Lemon Gingersnap Pie,0
Sweet-and-Sour Tomato Chutney,0
Chinese-Style Spinach and Mushroom Soup,0
Buttermilk Pie Crust Dough,0
Cider-Braised Cabbage,0
Spicy Tart Cherry Chutney,0
Guinness Mustard,0
