Arizona Cheese Strata,0
Artichoke and Fennel Salad,0
"Baby Eggplant, Olive, and Herb-Cheese Frittata",0
Baked Corn with Thyme,0
Baked Fish with Thai Lemon Mint Sauce,0
Basic Flour Tortilla,0
Basil-Mint Sauce,0
Beef Liver Bourguignonne,0
Beef Steaks with Peppercorn Sauce,0
Beer-Braised Brisket,0
Blackened Leeks With Asparagus and Boiled Eggs,0
Braised Baby Artichokes and Shallots,0
"Broiled Tomato, Corn, and Okra",0
Candied Butternut Squash,0
Cauliflower Soup with Almonds,0
Caviar and Salmon Blini Tortes,0
Chicken Broccoli and Fusilli in Garlic Cream Sauce,0
Chicken Cheddar Quesadillas with Tomato and Corn Salsa,0
Chicken Fricassée with Figs and Port Sauce,0
Chicken Long Rice,0
Chicken Skewers with Meyer Lemon Salsa,0
Chicken with Mushrooms and Bacon,0
"Chocolate Chip Meringues with Ice Cream, Peppermint Candies and Chocolate-Mint Sauce",0
Clams Steamed with Ginger and Scallions,0
Clementine-Salted Turkey with Redeye Gravy,0
Cod Chowder with Saffron and Fingerling Potatoes,0
Coffee-Rubbed Cheeseburgers with Texas Barbecue Sauce,0
Confetti Salad with Ranch Dressing,0
Coriander Noodles with Zucchini and Carrots,0
Couscous with Fennel and Pinenuts,0
Cranberry-Tequila Cream Cheese Tart with Cornmeal Crust,0
Cream Cheese Crostata with Orange Marmalade,0
Creamed Corn with Bacon,0
Crisp Fried Fish Fillets Oriental,0
Crudités Salad with Farro and Pecans,0
Cucumber Nori Rolls,0
Cucumber-Yogurt Salad with Mint,0
Curried Bean and Bell Pepper Soup,0
Curried Fish Fillets with Yogurt Sauce,0
Dandelion Greens with Hot Olive-Oil Dressing,0
D.I.Y. Ricotta,0
Dried Fruit Compote,0
Egg Fried Rice,0
"Fettuccine with Walnuts, Zucchini Ribbons, and Pecorino Romano",0
Fragrant Indian Brittle,0
Fried Ricotta and Mozzarella Dumplings with Broccoli Sauce,0
Fritto Misto,0
Garlic-and-Chili-Rubbed Steaks,0
Ginger-Cashew Chicken,0
Grand Fruit Salad,0
Greek Salad Pita Sandwiches,0
Grilled Artichokes with Sesame Dipping Sauce,0
Grilled Asian Pork Chops and Baby Bok Choy,0
Grilled Brown-Sugar Peaches with White Chocolate,0
Grilled Flank Steak,0
Grilled Lemon-Coriander Chicken,0
Grilled Mozzarella Cheeseburgers with Dried Tomato and Arugula Pesto,0
Grilled Rib-Eye Steaks with Cucumber Relish,0
Grilled Sausages,0
Grilled Scallops with Lemony Salsa Verde,0
Grilled Spice-Rubbed Skirt Steak,0
Herbed Oyster Stuffing,0
Herby Black Rice Salad with Radishes and Ricotta Salata,0
Honeydew and Cantaloupe Mousse,0
Indian Pudding with Nutmeg Ice Cream,0
Jam Roly-Poly,0
Jenga Ribs,0
Lamb Bacon,0
"Lentil, Garbanzo Bean and Tomato Salad",0
Lentils with Port-Glazed Shallots,0
Mango-Curry Shrimp Salad in Wonton Cups,0
Maple-Glazed Sour Cream Doughnuts with Sugared-Walnut Streusel,0
Marinated Halibut on Radish Sprout and Fennel Salad,0
Marmalade Cake,0
Marzipan Cheesecake,0
Mashed Potatoes and Celery Root with Blue Cheese,0
Matzoh Baklava,0
Mesclun Salad with Confit Duck Gizzards and Morels,0
Mexican White Rice,0
Milk Chocolate Semifreddo with Star Anise Carrot Cake,0
Minted Eggplant Rounds,0
Miriam Reichls Corned Beef Ham,0
Mixed Greens with Raspberry Vinaigrette,0
Mixed Greens with Sherry-Mustard Dressing,0
Mixed Grill with Sweet and Spicy Bourbon Sauce,0
Mixed-Peppercorn Steaks with Sherry-Marjoram Pan Sauce,0
Molasses Cookie Baskets with Lemon Sorbet and Gingered Fruit,0
Moroccan-Spiced Cold Tomato Soup,0
Mushroom Vichyssoise Padian,0
Mustard and Cheese Crackers,0
Olives Baked in Red Wine,0
Opal-Basil Cinnamon Vinegar,0
Pan-Roasted Halibut with Herbed Corona Beans,0
Parmesan-Stuffed Dates Wrapped in Bacon,0
Parsley Kale and Berry Smoothie,0
Pasta and Cauliflower Soup Federica,0
Pea and Parmesan Wonton Ravioli,0
Peas and Pea Tendrils with Lemon Dressing,0
Pepperoni Focaccia,0
Pickled Sweet and Sour Red Cabbage,0
Pine Nut Vinaigrette,0
Pistachio Sea Bass with Crab Salad,0
Potato and Kale Cakes with Rouille,0
Potato Rosemary Focaccia,0
Potato Salad,0
Pretzel-Crusted Chicken Cutlets With Cauliflower Purée and Arugula,0
Prune Sauce for Meat or Game,0
Puerto Rican Crab,0
Quick Sweet Potato Mushroom and Black Bean Burrito,0
Radicchio Risotto,0
Risotto with Chicken and Beet Greens Stalker,0
Roast Beef and Arugula Crostini with Olive-Red Pepper Relish,0
Roast Chicken with Artichokes and Gremolata Butter,0
Roasted Cockles,0
Roasted Poussins with Fennel,0
Roast New York Strip Loin with Adobo Rub,0
Roast Salmon and Broccoli with Chile-Caper Vinaigrette,0
Rosemary Garlic Potato Bread,0
Rotelle with Broccoli and Spicy Peanut Sauce,0
Rustic Green Pepper and Olive Pan Pizza,0
Salmon Consommé with Créme Fraîche and Salmon Caviar,0
Salt and Pepper Squid,0
Salt-Roasted Chicken,0
Sautéed Pork Tenderloin with Prunes,0
Seared Scallops and Asparagus with Asian Cream Sauce,0
Seeded Tortilla Triangles,0
Sesame-Pepper Bean Sprouts,0
"Sheet-Pan Cumin Chicken Thighs With Squash, Fennel, and Grapes",0
Shrimp Curry,0
Sliced Strip Steak with Arugula and Parsley,0
Smoked Scotch Eggs,0
Sorrel Vichyssoise,0
Southwestern Sweet Potato Sauté,0
Spicy Shrimp and Bell Pepper Stew with Cumin and Oregano,0
Stabilized Whole-Milk Yogurt,0
Surfers Granola,0
Sushi-Roll Rice Salad,0
Sweet-and-Sour Stuffed Mustard Cabbage,0
Sweet Tart and Spicy Shrimp and Cucumber Salad,0
The World of Rice Salads,0
Three-Bean Salad,0
Turkey and Sweet-Potato Croquettes with Cranberry Apple Salsa,0
Tuscan Oven Grains and Greens,0
Warm Skate Salad,0
"Warm Turkey, Tomatillo, and Smoked Mozzarella Pita Sandwiches",0
Watercress and Radish Salad,0
White Chocolate Mousse with Blackberries,0
White Chocolate Truffle and Chocolate Fudge Layer Cake,0
Wilted Greens,0
Zucchini Potato Tortilla,0
3-Ingredient Mussels With White Wine and Pesto,1
3-Ingredient Sweet Potato Casserole With Maple Pecans,1
Acorn Squash with Wild Mushroom Cranberry Stuffing,1
Adobo-Rubbed Pork Tenderloin with Black Bean Pico de Gallo,1
Ancho Pasilla Sauce,1
Apple Cheese Quick Bread,1
Apricot-Walnut Crisp,1
Artichokes Braised with Garlic and Thyme,1
Asian Chicken Salad,1
Bacon Scallion Hush Puppies,1
Baked Cherry Tomatoes with Parmesan Topping,1
Barbecue Chicken Pizza,1
Basmati Rice Salad with Currants and Nuts,1
Black Bean Tacos with Corn Salsa,1
"Bruschetta with Rosemary, Roasted Plum Tomatoes, Ricotta and Prosciutto",1
"Butter Lettuce, Persimmon, Feta, and Hazelnut Salad",1
Cajun Shrimp Stew,1
Calamari Fritti with Creamy Ponzu Dipping Sauce,1
Caramelized Garlic Spinach and Cheddar Tart,1
Caramelized Onion and Sour Cream Spread,1
Caramelized-Onion Pizza with Mushrooms,1
Cashew Orange Biscotti,1
Castellane Pasta with Sausage Peppers Cherry Tomaotes and Marjoram,1
Chai-Poached Apricots and Plums,1
"Challah, Sausage, and Dried Cherry Stuffing",1
Cheddar Biscuits with Smithfield Ham,1
Cheesy Zucchini and Red Onion Flatbread,1
Chicken and Dumplings with Mushrooms,1
Chicken Under a Brick with Fresh Herb and Garlic Sauce,1
Chiles Rellenos,1
Chili Cornmeal Muffins,1
Chocolate Orange Cheesecake with Orange-Tangerine Glaze,1
Cilantro Mint Chutney,1
Citrus-Brined Pork Loin with Peach Mustard,1
"Clementine, Olive, and Endive Salad",1
Cobb Salad with Balsamic Shallot Vinaigrette,1
Cold Poached Chicken with Chinese Garlic Sauce,1
Cornmeal Cake with Buttermilk Ice Cream and Rhubarb Compote,1
"Crab, Mango, and Avocado Salad with Citrus Dressing",1
Crawfish Tomato étouffée in Puff Pastry Shells,1
Creamy Grits with Rosemary Bacon,1
Crispy Lamb Spare Ribs with Honey Crème Fraîche and Chopped Pea Salad,1
Cucumber Jícama and Pickled Ginger Salad,1
Curried Lentil Soup,1
Diner-Style Rice Pudding,1
Dirty Rice Stuffing,1
Dried Apple and Cheddar Strudel,1
Duck Prosciutto Breadsticks with Ricotta and Dried Figs,1
Duck Salad with Cheese Toasts and Port-Currant Sauce,1
Dutchess County Broccoli and Cheese Casserole,1
"Endive, Orange, Avocado, and Bacon Salad",1
Fresh Ginger and Citrus Sorbet,1
"Fried Catfish Sandwiches with Bacon, Lettuce, and Tomato",1
Fried Custard Squares with Rum Sauce,1
Fruit Salad with Poppy Seed Dressing,1
Garlic-Lime Shrimp,1
Ginger Custard Sauce,1
Glazed Smoked Duck with Candied Kumquats,1
Greek-Style Braised Lamb Shanks,1
Grilled Lemon Prawns,1
Herb Chicken with Panko-Pecan Crust,1
Herbed Beef and Rice-Noodle Salad,1
Hot Beef Borscht with Sour Cream,1
Hunan Lamb Chops,1
Javanese Chicken Curry,1
"Jícama, Carrot, and Red Cabbage Slaw with Anise and Lime",1
Key Lime Pie,1
Key Lime Pie with Almond Crumb Crust,1
Kielbasa Sausage with Spiced Sauerkraut,1
Lamb and Shiitake Stew with Tomato-Chianti Sauce,1
Lamb Chops with Feta and Banyuls-Cherry Sauce,1
Lamb Chops with Spicy Peanut Sauce,1
Lemon Blueberry Cobbler,1
Lemon Pine Nut Tagliatelle,1
Linguine with Shellfish Sauce,1
Mandarin Chocolate Cake,1
Maple Corn Bread,1
Margherita Pizza with Arugula,1
"Melon Salad with Arugula, Fennel, and Marjoram",1
Middle Eastern Sesame Lamb Meatballs with Minted Yogurt Dip,1
Moroccan Lamb Tagine with Dates and Pearl Onions,1
Mushroom and Burrata Lasagnette,1
Mushroom Barley Soup,1
Mutabal,1
Olive Oil Couscous Cake with Crème Fraîche and Date Syrup,1
Pan Fried Celery Root Potato and Goat Cheese Terrine,1
Pan-Seared Filet Mignon with Roasted Potatoes and Merlot Sauce,1
Parmesan Onion Puffs,1
Parmesan Sauce,1
Paula Wolferts Seven-Day Preserved Lemons,1
Peach Crisp,1
Pecan Molasses Bundt Cake with Bourbon Glaze,1
Penne with Ragoût of Chili-Rubbed Short Ribs,1
Pink Grapefruit Fennel and Parmesan Salad,1
"Pork Loin with Apples, Prunes, and Mustard Cream Sauce",1
Potato and Blue Cheese Gratin,1
Provencal Vegetable and Goat Cheese Terrine,1
Rainbow Slaw,1
Ramp and Sausage Risotto,1
Red-Wine-Braised Duck Legs with Roasted Pears and Onions,1
"Roast Chicken Breasts with Garbanzo Beans, Tomatoes, and Paprika",1
Roast Chicken Stuffed with Fennel and Garlic,1
Roasted Beef Tenderloin with Sherry Vinaigrette and Watercress,1
Roasted Beet Salad,1
Roasted Eggplant and Olive Spread with Pita Bread Chips,1
Roast Lamb with Spiced Red Cabbage,1
Roast Pork with Port Jus and Chipotle-Glazed Apples,1
Roast Turkey with White-Wine Gravy,1
Rosemary Chicken with Broccoli Rabe,1
Sausage and Pepper Pasta Supper,1
Sausages with Caramelized Red Onions and Radicchio,1
Sautéed Greens with Labneh and Pine Nuts,1
Sauteed Vegetables with Chile-Tamarind Sauce,1
Seafood Pasta with Lemon-Saffron Herb Dressing,1
Shellfish Paella Risotto,1
Sicilian Fennel and Orange Salad with Red Onion and Mint,1
Slow-Cooker Marrakech Chicken Stew With Preserved Lemon and Olives,1
Smoked Salmon with Horseradish Cream,1
"Spaghetti with Chicken, Sausage, and Pepper Sauce",1
Spiced Beef and Onion Pitas with Parsley Sauce,1
Spiced Black Lentils with Yogurt and Mint,1
Spiced Fruit Compote,1
Spicy Chicken Cacciatore,1
Spicy Chutney Barbecue Sauce,1
Spicy Oven-Fried Chicken,1
Spinach- and Cheese- Stuffed Pasta Shells,1
Spinach Ricotta Gnocchi with Tomato Sauce,1
Split Pea Soup with Sausage and Potato,1
Spring Vegetable Sauté,1
Squash Rings with Honey-Soy Glaze,1
Standing Rib Roast with Porcini and Bacon Sauce,1
Sticky Date and Almond Bread Pudding with Amaretto Zabaglione,1
Strawberry Buckle with Lemon-Pistachio Streusel,1
"Stuffed Crepes with Mushrooms, Ham and Bechamel Sauce",1
Sunday Supper Macaroni and Cheese,1
Sweet and Tangy Roasted Tomatoes,1
Sweet Potatoes with Cuban-Style Beef Picadillo,1
Sweet Potato–Miso Pie With Chocolate-Sesame Crust,1
Thai Spices Shrimp Salad with Asian Greens and Pesto Dressing,1
"Tomato, Caper, Olive and Blue Cheese Salad",1
Turkey and Broiled Vegetable Salad,1
Turkey Soup with Orzo and White Beans,1
Two-Bean Turkey Chili,1
Vegetable Stir-Fry with Tofu,1
Watercress and Apple Salad with Peanut Yogurt Dressing,1
White Bean and Ham Hock Soup with Arugula and Corn Bread Croutons,1
White Bean Soup with Chive Oil,1
White Root Vegetable Soup with Thyme Butter,1
Wild Mushroom Enchiladas with Ancho Chili-Cream Sauce,1
Zucchini Fritters with Herbs and Cheese,1