Grilled Pork Chops with Anise-Seed Rub and Mango Mojo,1
Pineapple Salsa,1
Spicy Gumbo-Laya,1
Chris Lillys Flank Steak and Shiitake Yakitori,1
Pasta with Butternut Squash and Spinach,1
Soft Fish Tacos,1
Roasted-Vegetable Lasagne,1
Leftover-Roast-Chicken-Stock,1
Croutes au Fromage,1
Red-Pepper Mayonnaise,1
Garden Vegetable Enchiladas,1
Feta with Rosemary Pepper Honey,1
Pork Chops with Spiced Sweet Potatoes and Apples,1
Pot Luck Soup,1
Potato-Parsnip Salad with Aquavit Dressing,1
Cinnamon Biscuits,1
Potage Saint-Germain,1
Sticky Sesame Chicken Wings,1
Mexican-Style Cheese and Sausage Casserole,1
Veal Breast Stuffed with Corn Bread and Sausage,1
Steamed Jasmine Rice,1
Hot Crab and Artichoke Dip,1
La Brea Tar Pit Chicken Wings,1
Grilled Garlic-Marinated Skirt Steak with Lime,1
To Make Lobster Oil,1
Teriyaki Salmon,1
Grilled Pork Chops with Clams and Chorizo,1
Falafel,1
Creole Seafood Seasoning,1
Baked Cabbage with Bacon,1
Caramelized Fresh Pineapple Tiramisu,1
Brain-Boosting Broth,1
Baked Chicken and Bacon-Wrapped Lady Apples,1
Tuscan Beef Stew with Polenta,1
Peppery Pasta Carbonara with Poached Egg,1
Whole Wheat-Crusted Chicken Breast Cutlets,1
"Indian-Spiced Chicken, Eggplant, and Tomato Skewers",1
"Beef, Mushroom, and Broccoli Stir-Fry",1
Eggplant Parmesan Heros,1
Braised Lamb Shanks with Artichokes,1
Baked Macaroni and Cheese,1
Salad Bar Cobb,1
Pearl Couscous with Olives and Roasted Tomatoes,1
Simple Two-Potato Gratin,1
Mushroom and Goat Cheese Tart,1
Ma–Po Tofu (Spicy Bean Curd with Beef),1
Guacamole,1
Polenta with Salt Codfish,1
Feta and Red Bell Pepper Pizza,1
Escolar Fish with Mango and Shrimp Ravioli,1
Cold Avocado and Tomato Soup,0
Rosemary Mint Wine Jelly,0
Lemon and White Chocolate Mousse Parfaits With Strawberries,0
Spinach with Bamboo Shoots,0
Pumpkin Spice Cupcakes,0
Spiced Kabocha Squash Pie with Pumpkin-Seed Crumble,0
Strawberry Ice Cream,0
Radish Sandwiches on Zucchini Basil Muffins,0
Banana Chocolate Tart with Caramel and Chocolate Sauces,0
Baked Oatmeal,0
Pumpkin Hazelnut Compote,0
Summer Tomato and Bell Pepper Soup,0
Cranberry Cupcakes with Maple Cream-Cheese Frosting,0
Middle Eastern Style Yogurt,0
Persian Cucumber and Purple Rice Salad,0
Chocolate Profiteroles with Coffee Ice Cream and Bittersweet Chocolate Sauce,0
Mushroom Stock,0
Roasted Acorn Squash and Chestnuts,0
Zested Carrot Zucchini Julienne,0
Chestnut and Wild Mushroom Stuffing,0
Spinach in Yogurt Sauce,0
Yuletide Tossed Salad,0
"Orange, Fennel and Garlic Marinated Olives",0
Habanero Tomato Salsa,0
Roasted Sweet Potatoes with Honey Glaze,0
Celery Root Hash,0
Cranberry-Chipotle Fruit Conserve,0
Red Chile Sauce (Chile Colorado),0
Skordalia,0
Salmon Caviar Torte,0
New Orleans-Style Red Beans and Rice with Sausage Fulcher,0
Spicy Beef Burritos,0
"Tomato, Red Onion, and Basil Bruschetta",0
Mussels and Fries with Mustard Mayonnaise,0
Roasted Eggplant and Red Pepper Topping,0
"Rhubarb, Cherry, and Golden Raisin Chutney",0
"Banana, Raspberry, and Granola Yogurt",0
Chocolate Truffle Linzer Heart,0
"Cocoa Meringue Baskets with Nectarines, Berries, and Cream",0
Roasted Tomato Sauce,0
Creamy Turnip Soup with Carrot Julienne,0
Yummy Mummy Meatloaf,0
Roasted Mediterranean Vegetables with Grapefruit Gremolata,0
Spiced Lamb Hand Pies,0
Garlic Shrimp with Red Peppers and Wild Mushrooms,0
Cranberry-Walnut Pumpkin Bread,0
Grilled Vegetables on Onion Rolls,0
Sautéed Chicken Breasts With Country Ham and Sage Sauce,0
"Potato, Caramelized Onion, and Goat Cheese Gratin",0
Minted Asparagus Frittata,0
